{
  "training_results": {
    "metrics": "<__main__.TrainingMetrics object at 0x11165f080>",
    "best_epoch": 0,
    "best_val_acc": 45.98886705959398,
    "total_time": 76.73424816131592
  },
  "test_results": {
    "accuracy": 0.4599484261798535,
    "precision": 0.21155255474532414,
    "recall": 0.4599484261798535,
    "f1": 0.2898082575408216,
    "confusion_matrix": "[[11237     0     0]\n [10885     0     0]\n [ 2309     0     0]]",
    "classification_report": "              precision    recall  f1-score   support\n\n           B     0.4599    1.0000    0.6301     11237\n           P     0.0000    0.0000    0.0000     10885\n           T     0.0000    0.0000    0.0000      2309\n\n    accuracy                         0.4599     24431\n   macro avg     0.1533    0.3333    0.2100     24431\nweighted avg     0.2116    0.4599    0.2898     24431\n"
  },
  "model_info": {
    "total_parameters": 208899,
    "trainable_parameters": 208899
  },
  "data_info": {
    "total_files": 0,
    "train_samples": 85507,
    "val_samples": 12216,
    "test_samples": 24431
  },
  "class_weights_used": [
    1.0,
    1.0,
    5.0
  ]
}